{"cameraMode":{"drawMode":0,"name":"Shaded","section":"Shading Mode"},"sceneLighting":false,"audioPlay":false,"sceneViewState":{"m_AlwaysRefresh":false,"showFog":true,"showSkybox":false,"showFlares":true,"showImageEffects":true,"showParticleSystems":true,"showVisualEffectGraphs":true,"m_FxEnabled":false},"in2DMode":false,"pivot":{"x":-0.03571644425392151,"y":0.01889026165008545,"z":0.05086112022399902},"rotation":{"x":0.003761764382943511,"y":0.9679316282272339,"z":-0.25076544284820559,"w":0.014520063996315003},"size":0.5550376772880554,"orthographic":false}